message_id,text
COM_001,"Tai khoan cua ban dang duoc dang nhap tren thiet bi khac, neu khong phai ban dang nhap vui long vao https://vietcombank.vn-gll.top de sua doi mat khau hoac thoat khoi thiet bi kia"
COM_002,"[NUMBER]:COVID: Khi chua co thuoc dac tri.Co mot cach chua benh ky dieu khac.Do la tu luyen Phap Luan Cong, tang cuong he mien dich.Video: https://tnews.to/tri-benh"
COM_003,"(ACB) Chung toi phat hien tai khoan cua ban dang tieu dung o nuoc ngoai, neu khong phai ban dang giao dich, vui long dang nhap https://acb.i-pay.vip de huy giao dich"
COM_004,Thông báo từ VIETINBANK: Bạn dùng vui lòng đăng nhập vào vietinbamk.com ngay khi có thể để cập nhật xác thực. quá hạn tài khoản sẽ bị khóa. chúng tôi xin lỗi vì sự bất tiện (nếu có) đã gây ra cho bạnư
COM_005,"Tai khoan cua ban dang duoc dang nhap tren thiet bi khac, neu khong phai ban dang nhap vui long vao https://vietcombank.vn-ctt vip de sua doi mat khau hoac thoat khoi thiet bi kia"
COM_006,[Ngân hàng Techcombank] Thông báo. Ưu đãi có thời hạn!12.[POINT] thường thẻ tín dụng của bạn hết hạn hôm nay. Nhận ngay phần thường độc quyền của bạn :techcombank.huy-the-visa-vn.com
COM_007,"Ma OTP xac thuc GD la [NUMBER], hieu luc [TIME]. Chi tiet GD: Chuyen khoan nhanh qua so TK, so tien [MONEY] tren kenh Mobile cua dich vu VCB Digibank."
COM_008,"Tai khoan cua ban da dang ky chuong trinh quang cao tren TikTok, moi thang thu phi [MONEY]. Vui long vao https://shb.com.vn-zy.top de kiem tra hoac de huy"
COM_009,"Tai khoan cua ban dang duoc dang nhap tren thiet bi khac, neu khong phai ban dang nhap vui long vao https://vietcombank.vn-mtt.top de sua doi mat khau hoac thoat khoi thiet bi kia"
COM_010,"Tai khoan cua ban dang duoc dang nhap tren thiet bi khac, neu khong phai ban dang nhap vui long vao https://techcombank.vn-ctt .vip de sua doi mat khau hoac thoat khoi thiet bi kia"
COM_011,UNG DUNG VCB DIGIBANK cua ban duoc PHAT HIEN KICH HOAT tren thiet bi la. Neu KHONG PHAI BAN KICH HOAT vui long bam vao https://vietcombank.vn-nng.top de doi thiet bi hoac huy de tranh mat tai san
COM_012,Tai khoan cua ban da mo dich vu tai chinh toan cau phi dich vu hang thang la [MONEY] se bi tru trong [TIME]. Neu khong phai ban mo dich vu vui long nhan vao https://vpbank.com.vn-hb.life de huy
COM_013,3d6 Hot Nhieu Nguoi Chon!!! Tai Khoan Moi Nhan Loc [MONEY] Luc Dang Ky. Nap Dau Nhan Gap 2. Co Hoi Co Han LH ebmld.kejda.me 745
COM_014,"Tai khoan cua ban dang duoc dang nhap tren thiet bi khac, neu khong phai ban dang nhap vui long vao https://vietcombank.vn-utt.xyz de sua doi mat khau hoac thoat khoi thiet bi kia"
COM_015,"Co Hoi Duy Nhat Hom Nay, Tan Thu Tham Gia Nhan Ngay [MONEY], Nap Lan Dau Nhan Them 1OOK Free. TruyCap: DrnJmi.LoZuF.me"
COM_016,Tran trong thong bao toi quy khach! Tai khoan cua ban se bi tam ngung dich vu va0 ngay 3 thang 10. Vui long vao https://bidv.cc hom nay
COM_017,Chuc mung ban duoc trai nghiem Goi ho tro tang doanh thu giup tang truong ngay ngoai chien dich. Moi ban xem thong tin chi tiet tai day: https://lzd.co/3EjOQRu
COM_018,"Phat hien tai khoan cua ban dang nhap khac vung bat thuong, vui long dang nhap https://i-sacombank.com xac nhan thong tin va thay doi mat khau"
COM_019,"Apple Inc, iPhone 13 Pro Max Sierra Blue cua ban da duoc dinh vi hom nay luc [TIME] ΑΜ. Xem vi tri tai: ICloud.co/2k610s [NAME]"
COM_020,"Tai khoan cua ban da dang ky chuong trinh quang cao tren Tik Tok, moi thang thu phi [MONEY]. Vui long vao https://vietcombank.vn -llc.top de kiem tra hoac de huy"
COM_021,"Tai khoan cua ban da dang ky chuong trinh quang cao tren TikTok, moi thang thu phi [MONEY]. Vui long vao https://msb.com.vn-sp.top de kiem tra hoac de huy"
COM_022,Tran trong thong bao toi quy khach! Tai khoan cua ban se bi tam ngung dich vu va0 ngay 3 thang 10. Vui long vao www.bidvsmat.com hom nay
TE_023,"Techcom: Kinh gui Quy khach, [POINT] Vietcom Priority sap het han. De tranh het han, vui long doi diem ngay tai: tech-com- priority.com"
TE_024,Vietcom: [POINT] Priority cua Quy khach se het han som. Vui long doi diem ngay: vietcompriority.com
TE_025,"Vietcom Mot loi nhac nho: So diem cua ban tong cong [NUMBER] V ND, se het han vao ngay 12 thang 4. Dung quen su dung nhe! Chi tiet: vietcomi.com/vn"
TE_026,"O?~Mb]hQPFcghx.dchvb.tech""wCo Cu,u;Ngu'y~T:hua~100,%-Don"
TE_027,"[TB] CMND đăng ký thuê bao của Quý khách đã hết hiệu lực từ [DATE] (theo quy định luật Căn cước). Quý khách vui lòng truy cập https://viettel.vn/doigiayto và cập nhật thông tin CC/CCCD mới nhất hoặc đến cửa hàng giao dịch Viettel để được hỗ trợ.
 Tặng [MONEY] vào tài khoản khuyến mại khi thực hiện online qua My Viettel trước [DATE], ưu đãi cộng vào ngày hôm sau. Chi tiết liên hệ 198 ([MONEY]). Trân trọng.
"
TE_028,"Cảnh báo: [NAME] đi giải quyết khoản vay [MONEY] app BIG DONG trong vòng [TIME] HÔM NAY. Nếu cố tình vay tiền CHIEM_ĐOAT, không trả nợ hoặc lấy lý do không vay ĐỂ TRỐN N.Ợ. Chúng tôi truy xuất thông tin CCC.D tra người
 thân gia đình họ hàng, gọi về nơi làm việc. cày danh bạ bạn bè, facebook zalo. Công khai hình ảnh chân dung GIỰT NỢ lem luốc đến từng người. Link app thanh toán:http://i.xpl.asia/LsSBmu"
TE_029,"VUI LONG HỌP TÁC TRẢ NỢ TRƯỚC [TIME] SÁNG NAY, K ĐC CỔ TÌNH K THANH TOÁN SẼ ẢNH HUONG UY TIN DANH DỰ Link app: https://t.ly/zT487"
TE_030,[TB] Số điện thoại của Quý khách đã được xác thực thông tin theo quy định của Thông tư 08/[NUMBER]/ TT-BKHCN. Quý khách KHÔNG CẦN thực hiện thêm bất kỳ thao tác xác thực nào và yên tâm tiếp tục sử dụng dịch vụ. Viettel trân trọng cảm ơn Quý khách đã đồng hành!
TE_031,"Em Yeu Quach Duc Giang Thoi Gian Dang Ky Nhan [MONEY] Cua Quy Khach Sap Het Han, Truy Cap Ngay Https://mm99.band"
TE_032,"Xe bạn có vi phạm, xử lý ngay: dichvucong-vn.com"
TE_033,Trang Gem Moi Ra Mat. Tang Qua Tan Thu Len Den [MONEY] Khi Dang Ki. Nap Dau Tang 100%. Truy Cap Ngay: RHPsvL.LoZuF.me
TE_034,"Em chào anh/ chị, em là Trang bên ngân hàng VPBANK, em có tiếp nhận anh/chị có nhu cầu mở thẻ tín dụng Vpbank thông qua App VT Money. Em liên hệ qua để hướng dẫn mình hoàn thiên hồ sơ mờ thẻ tín dụng của bên em ạ. 
Anh/chị dành 3-5p vào app VT money e hỗ trợ hướng dẫn hoàn thiện hồ sơ ạ. https://mothe.senid.vn/tpc_vtm/mobileapp"
TE_035,"Tech-com kinh gui: [POINT] uu tien cua Quy khach se het han trong thoi gian toi. De dam bao quyen loi, vui long quy doi som tai vn-priority-tech.com"
TE_036,"Theo thông tư 08/TT-BKHCN của Bộ KH&CN, để đảm bảo quyền lợi & tránh gián đoạn dịch vụ, QK cần cập nhật thông tin thuê bao chính chủ trên ứng dụng Vietnamobile (mục Cập nhật thông tin bao):
 https://www.vietnamobile.com.vn/app Hướng dẫn chi tiết: https://vietnamobile.com.vn/cntt CTLH [NUMBER] ([MONEY]). QK vui lòng bỏ qua tin nhằn nếu đã thực hiện. Trân trọng"
TE_037,"TẮT VĨNH VIỄN. Xác thực WhatsApp [TIME], không làm là MẤT whastxpp.vip"
TE_038,Vui long truy cap de thanh toan tien phat giao thong thang nay va tranh phi phat do nop tre : vndichvucong-gov.com
TE_039,"Cam on QK [NUMBER] da tham gia chuong trinh Khao sat Vang /Trang, vui long tham gia khao sat danh gia va nhan diem tich luy tai https://khaosat1913.com. LH Hotline: [NUMBER]"
TE_040,Viet-com tran trong thong bao: [POINT] Priority cua Quy khach dang den han het hieu luc. Vui long thuc hien quy doi kip thoi vcb-doi-thuong.com
TE_041,Thong bao phat: Ban se khong the gia han giay phep lai xe hoac xe hoi neu thong bao nay chua duoc thanh toan. Xem chi tiet hoac thanh toan: gov dichvucongvn.com
TE_042,[SIM CASH] Thong bao: Hom nay la ngay cuoi cung thanh toan khoan vay. Vui long thanh toan qua ung dung. http:// 103.[NUMBER]:[NUMBER]
TE_043,Vietcom: Diem Priority cua quy khach sap het han. Vui long quy doi tai V-C-B-priority.com
TE_044,Ngay Hom Nay Ra Mat Nen Tang Quoc Te Moi! Tang Quy Tan Thu [MONEY]. Vui Choi Rinh Tien Ve!!! LH: EdQL. RekcPG.com
TE_045,Xác thực NGAY để không bị TẠM NGỪNG dịch vụ data! - Truy cập https://viettel.vn/xacthucTB (app My Viettel) để thực hiện và nhận [MONEY] (cộng ngày hôm sau) khi hoàn thành. - Hoặc truy cập VNeID để xác nhận sử dụng. Chi tiết liên hệ 198 ([MONEY]). Trân trọng
TE_046,Tai khoan Telegram cua ban bi nghi ngo vi pham quy dinh. Vui long dang nhap vao trang web chinh thuc imad-TG.com trong vòng [TIME] de xac minh va go bo han che.
TE_047,[Vi de dang] Thong bao: Hom nay la ngay cuoi cung thanh toan khoan vay. Vui long thanh toan qua ung dung. https://bit.ly/4tVZggw
TE_048,VNPT: Quy khach co 6.[POINT] thuong sap het han hom nay. Hay doi diem tai vnptdiem.com truoc khi diem het han.
TE_049,Vui long truy cap de thanh toan tien phat giao thong thang nay va tranh phi phat do nop tre: govvn-dichvucong.com
NEW_050,(ACB) Tai khoan cua ban da mo dich vu tai chinh toan cau phi dich vu hang thang la [MONEY] se bi tru trong [TIME]. Neu khong phai ban mo dich vu vui long nhan vao https://acb.vnipay.top de huy
NEW_051,Vietinbank tran trong thong bao tai khoan cua quy khach hien tai da bi khoa dnag nhap https://www.vniatinbanks.cc de xac thuc ngay hom nay
NEW_052,Th0ng ba0:BIDV nang cap he thong. Vui l0ng dang nhap https://bidv.xyz va nang cap. Neu khong tai khoan se bi kh0a. aabd
NEW_053,"Ngan Hang VPBANK THONG BAO. Chuc Mung Tai Khoan Cua [NAME] Nhan Duoc 1 Luot ""QUAY SO - MIEN PHI"", Nhan Ngay 1 Trong 3 [NAME]: 1 iPhone 11 512GB. 1 Tivi LG [MONEY] 55inch. [MONEY] Vao Tai Khoan. 
Truy Cap Website: https:// login-online.com.vn/ De Thuc Hien Luot QUAY SO MAY MAN MIEN PHI.Goi Vao [NUMBER] 54 54 15.Xin Cam On!"
NEW_054,Ong/(Ba) da du d! eu'k!en NHAN'TIEN ho tro tu quy-BHTN. Bam'vao www.opaxa.icu de_'lay. QUA-HAN' SE KHÔNG DUOC CHAP_NAHN! JKqc
NEW_055,"Cảnh sát Giao thông Việt Nam: Hiện tại, bạn đang có một khoản tiền phạt chưa thanh toán trong tài khoản. Vui lòng thanh toán khoản phí này càng sớm càng tốt để tránh những bất tiện không đáng có. Để biết thêm thông tin, vui lòng truy cập: https:// dichvucongg.top/vn"
NEW_056,"Kính gửi người dùng AgriBanK, điểm tài khoản của bạn đã được đổi thành điều kiện quà tặng. Vu lòng đăng nhập www.bank.vip ngay để đổi quà. Nếu quá hạn, nó sẽ không được chấp nhận."
NEW_057,UNG DUNG VCB DIGIBANK cua ban duoc PHAT HIEN KICH HOAT tren thiet bi la. Neu KHONG PHAI BAN KICH HOAT vui long bam vao https://vietcombank.vn-ms.top de doi thiet bi hoac huy de tranh mat tai san
NEW_058,NETFLIX: Khoan thanh toan cuoi cung cua ban da bi tu choi. Xac nhan thong tin thanh toan cua ban tai: https://new- sub.com
NEW_059,"Quy khach co don hang [NUMBER] (tien COD: [MONEY]) gui tu [NAME] DA CHUYEN [NUMBER] [NUMBER] da duoc nhan vien VIETTELPOST [NAME]
[NUMBER]/[NUMBER] giao thanh cong. Quy khach vui long danh gia chat luong dich vu cua
Viettel Post tai yk.vtp.vn/S/Wc0Pb9nQLUvmYSQ8QdsZ9A
Hotline: [NUMBER]"
NEW_060,"Công an giao thông [NAME]: Bạn có hình phạt vi phạm cần được xử lý kịp thời. Để biết chi tiết, vui lòng kiểm tra http.//dichvucong .xyz/DLGAWTBtGW"
NEW_061,"Cảnh sát Giao thông Việt Nam: Hồ sơ vi phạm giao thông được lưu trữ dưới tên của bạn. Để biết thêm thông tin, vui lòng truy cập https:// dichvucongs.top/vn"
NEW_062,"6geR #Ban da-du D1EU KIEN HOAN-TH.UE TNCN, tai: www.dichvucong.vip"
NEW_063,Xin vui long tra tien phi giao thong: dichvucon.cc/vn
NEW_064,"Theo NQ-116, Ong(Ba) da du d!eu k!en NHAN TIEN h0 tro tu quy B/H/T/N. Bam vao www.wtudl.icu de. QUA' HAN SE KHONG DUOC CHAP NHAN! SPOS"
COM_065,"Våo ngay pkwin link http://casino-5-euro-no-deposit-bonus-[NUMBER].expertinvisalign.online dang ki tai khoan nhan code [MONEY], nap dau tang 100% trai nghiem casino,no hu hay nhat."
COM_066,"Pkwin dinh cao giai tri-rut tien nhanh,nap tien Ian dau nhan thuong 100% gioi thieu ban be nhan [MONEY] tai https://m.[NUMBER].cc/Account&gister?f-[NUMBER]"
COM_067,Dang ky [MONEY]-Tai APP nhan [MONEY]- Khuyen mai nap dau 100% Lixi moi ngay [MONEY] VIP [MONEY] https://m.[NUMBER].com/Account/Register?fz713476
COM_068,DT68 tang tan thu [MONEY] trai nghiem danh cho ng choi moi. Tan thu nap dau thuong them 100% cuc chat. Nhan [MONEY] tai https://ln.run/dt68phatIoc68k-2
COM_069,"Xwin trang game doi thuong phien ban web ra mat choi ban ca, no hu, xoc dia, tai xiu... dang ki ngay nap tien Ian dau tang 50% <https://gddecwjj.bamczalo.me/>"
COM_070,NhHậẬnNLLLuUôônnNNNggaAayTTámTrRRăămMNNNNgghHHììnNĐĐĐồồnng{Gomapple.com:ThhHắắnnggTThhìBạnnRRúÚtTLLuuônn
COM_071,MMờỜờiVààooCCChHhơƠớii)0kgoogle.com:EEEmTặặnngLLLộỘộccLLuôÔnnNNgGaAyYYTámmTámmNNgGhHìÌnnĐồỔngNhHé
COM_073,8qbet tai khoan moi tao theo link duoi nhan code [MONEY]. Nap dau nhan [MONEY]. Rut k gioi han [MONEY]! Tai https://dx1115.868qbet.com
COM_074,CCCứỨỨThhoảiIMáÁiliCChHơil]atuapple.com[VVàooLLLấẤấyNNgGGaAAyYYTTáÁámTTámNGhHìÌnĐồỔnNNggGNNhHa
COM_075,79CLUB TANG BAN CODE [MONEY]. NHAP NGAY MA CODE: 200KFREE Thu van may ngay tai: https://79codethantai.biz
COM_076,"NO<QKTYhqsH.saqew.link(is;Song~Bac-Uy_Tin~Rut_Tien:Cuc_Dai:Nhanh,Nhen,"
COM_077,LC79 tang CODE mien phi cho khach VIP:  Link: https://lc79.sh/
COM_078,JaKDiemDanh(phsqqgk.oerapple.com(TriAnx2NapYgroupsgooglecomul
COM_079,"Có 98,000 hong lixi phát! https://ua49.com"
COM_080,"Xin chào, tôi là trưởng phòng nhân sự của Cty HVS hiện tại Cty đang tuyển dụng nhân viên bán thời gian. Tiền lương được trả hàng ngày. Bạn có thể làm việc tại nhà và thu nhập từ [MONEY] đến [MONEY] một tháng bình quân [MONEY]-[MONEY]/ngày , 
Công việc đơn giản và có thể thực hiện mọi lúc mọi nơi. Để ứng tuyển, vui lòng liên hệ với chúng tôi qua Yêu cầu độ tuổi : 23 - 65tuổi
zalo: zalo.me/[NUMBER] Liên hệ / zalo:[NUMBER]     "
COM_081,"Xin chào, tôi là trưởng phòng nhân sự của Cty DSC hiện tại Cty đang tuyển dụng nhân viên bán thời gian. Tiền lương được trả hàng ngày. Bạn có thể làm việc tại nhà và thu nhập từ [MONEY] đến [MONEY] một tháng bình quân [MONEY]-[MONEY]/ngày ,
 Công việc đơn giản và có thể thực hiện mọi lúc mọi nơi. Để ứng tuyển, vui lòng liên hệ với chúng tôi qua
Yêu cầu độ tuổi : 23 - 65tuổi
zalo: zalo.me/[NUMBER]
Liên hệ / zalo:[NUMBER]"
COM_082,"Xin chào . Bạn là người dùng có lịch sử tương tác tốt . Chúc mừng bạn đã được EBAY xét duyệt và nhận được phần công việc online để kiếm thêm thu nhập .
Công việc dễ dàng thực hiện và thanh toán . Mỗi ngày bạn có thể kiếm [MONEY]-[MONEY] . Bạn hãy liên hệ mình ngay để được hướng dẫn .
zalo.me/[NUMBER]
zalo: [NUMBER]"
COM_083,"TIKI shop cần tuyển nhân viên làm việc tại nhà!!!
Số lượng có hạn chỉ 50 người.
Công việc: Xử lý đơn hàng trên nền tảng ứng dụng .
Yêu cầu độ tuổi : 23+ tuổi .
Thu nhập [MONEY] - [MONEY] .
Nhận tiền trong ngày .
Liên hệ
zalo: zalo.me/[NUMBER]
zalo: [NUMBER]"
COM_084,"Bên Em Nhận Làm Các Loại Bằng Cấp 3,Cao Đẳng,Đại Học..Căn Cước CD, Đăng Ký Xe Các Loại,GPLX Máy A1,Ôtô B2,C...& Tất Cả Giấy Tờ Khác.Liên Hệ: [NUMBER] 328 103 Giao Hàng Toàn Quốc"
COM_085,"Xin chào, tôi là quản lý tuyển dụng của TikTok, chúng tôi sẽ mời bạn làm việc bán thời gian tại nhà, lương sẽ được trả ngay trong ngày,
[MONEY]-[MONEY]
zalo.me/[NUMBER]
zalo: [NUMBER]"
COM_086,"Quy khach co [MONEY] trong tai khoan. Bam goi *098*3# de co 3GB voi [MONEY]/3 ngay hoac *098*989# ([MONEY]/3 ngay) co 15GB (5GB/ngay), mien phi [TIME]/cuoc noi mang, [TIME] ngoai mang, SMS noi mang va [NUMBER].
 Goi cuoc gia han khi het chu ky. De biet thong tin cac uu dai khac, bam goi *098# hoac truy cap My Viettel tai https://myvt.page.link/goidata . Chi tiet LH 198 ([MONEY]). Tran trong."
COM_087,"Ban co [MONEY] qua Nap Dien Thoai & [MONEY] qua khac trong MoMo, het han 31/8. Mo Vi > UU DAI > QUA CUA TOI hoac https://momo.vn/qua-cua-toi dung ngay!"
COM_088,"[TB] MỪNG QUỐC KHÁNH! Viettel khuyến mại 20% giá trị tất cả thẻ nạp trong ngày 31/08. Tiền KM sử dụng nội mạng đến hết [DATE]. Giảm thêm 2,5% khi nạp thẻ tại https://viettel.vn/pay/tt . Chi tiết gọi 197 bấm phím 19 ([MONEY]). Trân trọng."
COM_089,"Quy khach dang thuc hien
Lien ket the/TK Sacombank
Ma OTP: [NUMBER] hieu luc [TIME]
Quy khach se MAT TIEN va THONG TIN neu cung cap Ma OTP cho bat ky ai"
COM_090,"Quy khach da hoan tat xac thuc thanh cong Sacombank Pay. Neu Quy khach KHONG thuc hien, vui long soan STBPAY KHOA gui [NUMBER], hoac lien he ngay [NUMBER]"
COM_091,"Quý khách đã đăng ký thành công gói ST30K: [MONEY]/7 ngày có 7GB, hết lưu lượng truy cập theo gói Mobile Internet đang sử dụng (nếu có). Gói cước gia hạn sau 7 ngày, lưu lượng còn lại sẽ được bảo lưu khi gia hạn thành công. 
Truy cập My Viettel tại https://viettel.vn/kttk để kiểm tra ưu đãi. Soạn HUY ST30K gửi 191 để hủy gia hạn. Chi tiết LH 198 ([MONEY]). Trân trọng."
COM_092,"Quy khach dang thuc hien
Chuyen tien nhanh 247 den TK
Nguoi nhan: [NAME]
So tien: [MONEY]
Ma OTP: [NUMBER] hieu luc [TIME]"
COM_093,"[TB] CHỈ [MONEY], CÓ DATA SIÊU TỐC!
Soạn ST5K gửi 191: Chỉ [MONEY]/ngày có ngay 500MB tốc độ cao sử dụng đến [TIME]. Gói cước gia hạn hàng ngày. ĐẶC BIỆT: TẶNG THÊM 500MB khi mua lần thứ 2 trong ngày. LH 198 ([MONEY])."
COM_094,Viettel TB: Cuoc goi cua Quy khach vua thuc hien duoc tinh gia cuoc ngoai vung khuyen mai. Tran trong.
COM_095,"[QC] TẶNG ngay Modem Wifi 2 băng tần cùng 1-2 tháng cước khi đăng ký mới DV Internet Cáp quang Viettel và đóng trước cước từ 6-12 tháng tại https://viettel.vn/s/ftth. Quý khách sẽ có ngay đường truyền Internet siêu nhanh, 
tốc độ từ 100Mbps với cước TB chỉ từ [MONEY]/tháng. Phí hòa mạng [MONEY]. Chi tiết LH [NUMBER] ([MONEY]). Từ chối QC, soạn TC3 gửi 199."
COM_096,"(QC) Tang 200MB truy cap internet va co hoi NHAN [MONEY] vao tai khoan goc khi soan XN1 gui [NUMBER] dang ky goi data giai tri ngay Mydata. KHONG GIOI HAN data toc do cao luot Facebook, TikTok, Youtube, Spotify, Instagram... 
voi ung dung Mydata. Uu dai data su dung trong [TIME]. Cuoc phi chi [MONEY]/ngay, gia han theo ngay. Chi tiet truy cap http://mydata.viettel.vn hoac LH 198 ([MONEY]). Tu choi QC, soan TC4 gui 199."
COM_097,"[TB] Để đảm bảo an toàn khi tham gia giao thông dịp Quốc khánh [DATE], đề nghị người dân chấp hành pháp luật về trật tự, an toàn giao thông, điều khiển phương tiện đúng tốc độ, giữ khoảng cách an toàn,
không tránh/vượt sai quy định, tuyệt đối không điều khiển phương tiện khi đã sử dụng rượu, bia."
COM_098,"[TB] Toàn dân tích cực hưởng ứng tham gia cuộc thi Tìm hiểu Luật phòng, chống ma túy. Thông tin chi tiết truy cập địa chỉ: https://thitimhieuluatphongchongmatuy.vn"
COM_099,"Quy khach dang thuc hien
Chuyen tien nhanh 247 den TK
Nguoi nhan: [NAME]
So tien: [MONEY]
Ma OTP: [NUMBER] hieu luc [TIME]"
COM_100,"Quy khach dang thuc hien
Chuyen tien nhanh 247 den TK
Nguoi nhan: [NAME]
So tien: [MONEY]
Ma OTP: [NUMBER] hieu luc [TIME]"
COM_101,"[TB] Để duy trì liên lạc và kết nối trong thời gian di chuyển, mời Quý khách tham khảo các gói cước:
1. Soạn 1N gửi 191: [MONEY]/ngày có 5GB, miễn phí gọi điện (10p/cuộc nội mạng, 5p ngoại mạng), SMS nội mạng, [NUMBER]
2. Soạn 3N gửi 191: [MONEY]/3 ngày có 15GB (5GB/ngày), miễn phí gọi điện (10p/cuộc nội mạng, 15p ngoại mạng), SMS nội mạng, [NUMBER]
Gói cước gia hạn khi hết chu kỳ. LH 198 ([MONEY])."
COM_102,"Quy khach duoc cong them [POINT] Viettel++ boi giao dich Tieu dung vien thong thang 08/[NUMBER]. Thoi han su dung diem den [DATE]. Hay truy cap https://myvt.page.link/vtplus tren My Viettel hoac *098# de doi diem sang Data, 
SMS, Phut goi cung nhieu uu dai gia tri khac. Chi tiet LH 198. Tran trong."
COM_103,"[TB] TRỌN GÓI [MONEY] - BAO DATA, GỌI CẢ NGÀY!
1. Soạn 1N gửi 191: [MONEY]/ngày có 5GB, miễn phí gọi điện (10p/cuộc nội mạng, 5p ngoại mạng), SMS nội mạng, [NUMBER]
2. Soạn 3N gửi 191: [MONEY]/3 ngày có 15GB (5GB/ngày), miễn phí gọi điện (10p/cuộc nội mạng, 15p ngoại mạng), SMS nội mạng, [NUMBER]
Gói cước gia hạn khi hết chu kỳ.
LH 198 ([MONEY])."
COM_104,"[TB] Thoải mái liên lạc và kết nối khi di chuyển, mời Quý khách tham khảo các gói cước:
1. Soạn ST15K gửi 191: [MONEY]/3 ngày có 3GB
2. Soạn 3N gửi 191: [MONEY]/3 ngày có 5GB/ngày, miễn phí gọi điện, SMS nội mạng và [NUMBER]
Chi tiết các gói cước tại https://viettel.vn/s/3ngay . LH 198 ([MONEY])."
COM_105,"[TB] CHÀO MỪNG ĐẾN VỚI TP. [NAME]!
Mời Quý khách tham khảo các gói cước để lên mạng và liên lạc trong suốt chuyến đi:
1. Soạn ST15K gửi 191: [MONEY]/3 ngày có 3GB
2. Soạn 3N gửi 191: [MONEY]/3 ngày có 5GB/ngày, miễn phí gọi điện, SMS nội mạng và [NUMBER]
Chi tiết các gói cước tại https://viettel.vn/s/3ngay . LH 198 ([MONEY])."
COM_106,"[TB] Viettel trân trọng thông báo đến Quý Khách hàng về Chính sách Bảo vệ dữ liệu cá nhân của Viettel khi cung cấp sản phẩm, hàng hóa, dịch vụ căn cứ Nghị định 13/[NUMBER]/NĐ-CP. Chi tiết xem tại đường link sau: https://viettel.vn/ThongbaochinhsachbaoveDLCN"
COM_107,"Viettel TB: Từ [TIME]-[TIME] ngày [DATE], gói ST30K sẽ gia hạn. Cước phí [MONEY]/7 ngày có 7GB. Quý khách đảm bảo tài khoản để gói cước gia hạn thành công và được bảo lưu lưu lượng còn lại của gói (nếu có). Để hủy gia hạn,
 soạn HUY ST30K gửi 191. Đặc biệt: Cập nhật nhiều ưu đãi HOT khi Nạp thẻ/Mua data qua Viettel Money (chi tiết truy cập https://vt.vtmoney.vn/dataend1 ). LH 198 ([MONEY]). Trân trọng."
COM_108,"Sau khi hủy gia hạn gói ST30K, ưu đãi còn lại sẽ được sử dụng đến hết chu kỳ. Để xác nhận, soạn Y gửi 191 trong [TIME]. Để từ chối, soạn N gửi 191. Yêu cầu của Quý khách sẽ tự động hủy bỏ sau [TIME] nếu không được xác nhận lại. Chi tiết LH 198 ([MONEY]). Trân trọng."
COM_109,"Quý khách đã hủy gia hạn gói ST30K, ưu đãi còn lại của gói ST30K được sử dụng đến hết chu kỳ. Để biết các ưu đãi dành riêng cho TB của Quý khách, vui lòng bấm gọi *098#. Chi tiết LH 198 ([MONEY]). Trân trọng."
COM_110,"Viettel TB: Gói ST30K đã gia hạn thành công, cước phí [MONEY]/7 ngày có 7GB (hết lưu lượng truy cập theo gói Mobile Internet đang sử dụng nếu có). Gói cước gia hạn sau 7 ngày, lưu lượng còn lại sẽ được bảo lưu khi gia hạn thành công. 
Truy cập My Viettel tại https://viettel.vn/kttk để kiểm tra ưu đãi. Soạn HUY ST30K gửi 191 để hủy gia hạn. Chi tiết LH 198 ([MONEY]). Trân trọng."
COM_111,"Quy khach dang thuc hien
Thanh toan QR
Nguoi nhan: HAMBURGERHAPI 
So tien: [MONEY]
Ma OTP: [NUMBER] hieu luc [TIME]"
COM_112,"[QC] Đừng tốn tiền mua data hàng ngày nữa, mở ngay Viettel Money nhận 500MB data MIỄN PHÍ khi đổi [POINT] Viettel++ nhé! Nhận ngay quà tại https://km.vtmoney.vn/314y/st5k1 . LH [NUMBER]([MONEY]). Từ chối QC, soạn TC3 gửi 199."
COM_113,"Quy khach dang thuc hien
Chuyen tien nhanh 247 den TK
Nguoi nhan: [NAME]
So tien: [MONEY]
Ma OTP: [NUMBER] hieu luc [TIME]"
COM_114,"[QC] MUA THẺ CÀO ĐIỆN TỬ DỄ DÀNG NGAY TRÊN MY VIETTEL VỚI CHIẾT KHẤU 3%. CT áp dụng khi thanh toán qua tài khoản ngân hàng, ví điện tử liên kết trên ứng dụng My Viettel tại https://myvt.page.link/muathecao. Chi tiết LH 198 ([MONEY]). Từ chối QC, soạn TC3 gửi 199."
COM_115,"[TB] VIETTEL TẶNG 20% GIÁ TRỊ TẤT CẢ THẺ NẠP trong ngày 11/09. Tiền KM sử dụng nội mạng đến hết [DATE]. Giảm thêm 2,5% khi nạp thẻ tại https://myvt.page.link/km . Chi tiết gọi 197 bấm phím 19 ([MONEY]). Trân trọng."
COM_116,"Quy khach dang thuc hien
Chuyen tien nhanh 247 den TK
Nguoi nhan: [NAME]
So tien: [MONEY]
Ma OTP: [NUMBER] hieu luc [TIME]"
COM_117,"Quy khach dang thuc hien
Thanh toan QR
Nguoi nhan: WAYSSTATION19
So tien: [MONEY]
Ma OTP: [NUMBER] hieu luc [TIME]"
COM_118,"(QC) Tang 200MB toc do cao va khong gioi han data 4G xem Facebook, YouTube, TikTok, Instagram, Zalo, Spotify... khi soan XNL gui [NUMBER]. Co hoi trung [MONEY] vao tai khoan goc khi trai nghiem goi data truc tuyen tong hop Mydata. 
Uu dai data su dung trong [TIME]. Cuoc phi chi [MONEY]/ngay, gia han theo ngay. Chi tiet truy cap http://mydata.viettel.vn hoac LH 198 ([MONEY]). Tu choi QC, soan TC4 gui 199."
COM_119,"[TB] Kính gửi Quý khách, để cập nhật các chương trình chăm sóc Khách hàng và khuyến mại của Viettel, hãy bấm “Follow” kênh TikTok Viettel Chăm sóc Khách hàng tại https://www.tiktok.com/@viettelcskh để nhận thông tin nhanh nhất. Trân trọng."
COM_120,"Quy khach dang thuc hien
Chuyen tien nhanh 247 den TK
Nguoi nhan: [NAME]
So tien: [MONEY]
Ma OTP: [NUMBER] hieu luc [TIME]"
COM_121,"Viettel TB: Gói ST30K sẽ hết thời gian sử dụng vào [TIME] ngày [DATE]. Để tiếp tục sử dụng DV, soạn ST30K gửi 191, cước phí [MONEY]/7 ngày có 7GB. Để biết thêm thông tin về các gói Mobile Internet khác,
 vui lòng bấm gọi *098# hoặc truy cập My Viettel tại https://viettel.vn/goidata . Chi tiết LH 198 ([MONEY]). Trân trọng."
COM_122,"Quy khach dang thuc hien
Chuyen tien nhanh 247 den TK
Nguoi nhan: [NAME]
So tien: [MONEY]
Ma OTP: [NUMBER] hieu luc [TIME]"
COM_123,"[TB] Tặng 20% giá trị tất cả thẻ nạp vào tài khoản viễn thông trong ngày [DATE]. CT áp dụng khi nạp thẻ online qua các ví điện tử, ứng dụng thanh toán hoặc tại https://viettel.vn/pay/tt . Tiền KM sử dụng liên lạc nội mạng trong 15 ngày. 
Chi tiết gọi 197 bấm phím 19 ([MONEY]). Trân trọng."
COM_124,"Viettel TB: Gói ST30K đã kết thúc. Để đăng ký lại, Quý khách vui lòng soạn ST30K gửi 191 ([MONEY]/7 ngày có 7GB). Để biết thêm thông tin về các ưu đãi khác, bấm gọi *098# hoặc truy cập My Viettel tại https://viettel.vn/goidata . Chi tiết LH 198 ([MONEY]). Trân trọng."
COM_125,"Em chào anh em là nhân viên shop vape x14, em nhận được 1 đơn hàng của mình như gọi cho mình k đc, anh nhân được tin nhắn gọi lại em để em lên đơn cho mình a nhé"
COM_126,"[TB] Phòng Cảnh sát giao thông đường bộ - đường sắt Công an Thành phố [NAME] khuyến cáo: Điều khiển phương tiện sau khi đã sử dụng rượu bia là một trong những nguyên nhân hàng đầu dẫn đến các vụ tai nạn giao thông đặc biệt nghiêm trọng, 
để lại hậu quả thương tâm cho chính gia đình bạn và xã hội. Vì sức khỏe và an toàn của chính bạn: “Đã uống rượu bia - không lái xe""."
COM_127,"Quy khach dang thuc hien
Chuyen tien nhanh 247 den TK
Nguoi nhan: [NAME]
So tien: [MONEY]
Ma OTP: [NUMBER] hieu luc [TIME]"
COM_128,"Quy khach dang thuc hien
Chuyen tien nhanh 247 den TK
Nguoi nhan: [NAME]
So tien: [MONEY]
Ma OTP: [NUMBER] hieu luc [TIME]"
COM_129,"[TB] Bộ TTTT khuyến cáo người dân nâng cao cảnh giác, không chuyển tiền hoặc cung cấp thông tin cá nhân cho người lạ qua điện thoại. Nếu có hiện tượng trên, đề nghị trình báo ngay cho cơ quan Công an để xử lý hoặc thông báo đến số điện
 thoại trực ban hình sự [NUMBER] của Cục Cảnh sát hình sự để được hướng dẫn kịp thời."
COM_130,"Quy khach dang thuc hien
Chuyen tien den TK Sacombank
Nguoi nhan: [NAME]
So tien: [MONEY]
Ma OTP: [NUMBER] hieu luc [TIME]"
COM_131,"Quý khách đã hủy gia hạn gói ST5K, ưu đãi còn lại của gói ST5K được sử dụng đến hết chu kỳ. Để biết các ưu đãi dành riêng cho TB của Quý khách, vui lòng bấm gọi *098#. Chi tiết LH 198 ([MONEY]). Trân trọng."
COM_132,"Viettel TB: Gói ST5K đã được hủy theo yêu cầu của Quý khách. Để biết thêm thông tin về các gói Mobile Internet khác, bấm gọi *098# hoặc truy cập My Viettel tại https://viettel.vn/goidata . Chi tiết LH 198 ([MONEY]). Trân trọng."
COM_133,"Quy khach dang thuc hien
Chuyen tien nhanh 247 den TK
Nguoi nhan: [NAME]
So tien: [MONEY]
Ma OTP: [NUMBER] hieu luc [TIME]"
COM_134,"Quy khach dang thuc hien
Chuyen tien nhanh 247 den TK
Nguoi nhan: [NAME]
So tien: [MONEY]
Ma OTP: [NUMBER] hieu luc [TIME]"
COM_135,"Quy khach dang thuc hien
Chuyen tien nhanh 247 den TK
Nguoi nhan: [NAME]
So tien: [MONEY]
Ma OTP: [NUMBER] hieu luc [TIME]"
COM_136,"Viettel TB: Gói ST5K đã gia hạn thành công. Cước phí [MONEY]/ngày có 500MB sử dụng đến [TIME], hết lưu lượng truy cập theo gói Mobile Internet đang sử dụng (nếu có). Đăng ký lần tiếp theo trong ngày, Quý khách sẽ được tặng thêm 500MB theo CT Mua 2 tặng 1. 
Gói cước gia hạn theo ngày, lưu lượng còn lại sẽ được bảo lưu khi gia hạn thành công. Truy cập My Viettel tại https://viettel.vn/kttk để kiểm tra ưu đãi. Soạn HUY ST5K gửi 191 để hủy gia hạn. Chi tiết LH 198 ([MONEY]). Trân trọng."
COM_137,Quý khách đã hủy gia hạn gói ST5K trước đó. Chi tiết LH 198 ([MONEY]). Trân trọng.
COM_138,"Quy khach dang thuc hien
Chuyen tien nhanh 247 den TK
Nguoi nhan: [NAME]
So tien: [MONEY]
Ma OTP: [NUMBER] hieu luc [TIME]"
COM_139,"Moi Quy khach soan tin de tham gia DV Data Plus:
1 gui [NUMBER] de cong 2048MB (cuoc [MONEY], su dung trong 5 ngay).
2 gui [NUMBER] de cong 500MB (cuoc [MONEY], su dung trong vong [TIME] sau khi cong).
Tin nhan co hieu luc trong [TIME]. Chi tiet LH 198 (mien phi)."
COM_140,"Quy khach dang thuc hien
Chuyen tien nhanh 247 den TK
Nguoi nhan: [NAME]
So tien: [MONEY]
Ma OTP: [NUMBER] hieu luc [TIME]"
COM_141,"[TB] Gọi điện miễn phí qua Mocha Call Out với gói ST5K. Tham gia, soạn ST5K gửi 191: [MONEY]/ngày có 500MB, tặng thêm [TIME] gọi nội mạng Mocha Call Out dùng đến [TIME]. DV gia hạn hàng ngày. LH 198 ([MONEY]). Trân trọng."
COM_142,"Quy khach dang thuc hien
Chuyen tien nhanh 247 den TK
Nguoi nhan: [NAME]
So tien: [MONEY]
Ma OTP: [NUMBER] hieu luc [TIME]"
COM_143,"Doi thanh cong [POINT] tieu dung Viettel++ thanh 20 MB Data de Quy khach trai nghiem dich vu. Han su dung truoc [DATE]. Tong diem tieu dung con lai trong tai khoan Viettel++ cua Quy khach la [POINT]. 
De kiem tra lich su doi diem va lua chon uu dai hap dan khac, vui long truy cap https://myvt.page.link/vtplus. Tran trong."
COM_144,"[TB] Để bảo đảm an toàn PCCC và thoát nạn, Bộ Công an khuyến cáo: Quản lý chặt chẽ nguồn lửa, nguồn nhiệt; thường xuyên kiểm tra, kịp thời thay thế thiết bị điện và mạng điện hư hỏng; khi sử dụng bếp ga, bếp điện, bàn là… phải có người giám sát; ngắt các
 thiết bị điện khi không sử dụng. Khi xảy ra cháy: Cần bình tĩnh thông báo cho mọi người biết và tìm cách thoát khỏi đám cháy nhanh nhất; không dùng thang máy để thoát nạn; khi di chuyển cần hạ thấp cơ thể, dùng khăn, vải ướt bịt mồm, mũi để tránh ngạt khói.
 Mỗi hộ gia đình cần có bình chữa cháy và lối thoát nạn dự phòng."
COM_145,"Quy khach dang thuc hien
Chuyen tien nhanh 247 den TK
Nguoi nhan: [NAME]
So tien: [MONEY]
Ma OTP: [NUMBER] hieu luc [TIME]"
COM_146,"Quy khach dang thuc hien
Chuyen tien nhanh 247 den TK
Nguoi nhan: [NAME]
So tien: [MONEY]
Ma OTP: [NUMBER] hieu luc [TIME]"
COM_147,"[TB] Để đảm bảo an toàn PCCC, CATP.HCM khuyến cáo: Thường xuyên kiểm tra, kiểm soát chặt chẽ nguồn lửa, nguồn nhiệt, thiết bị điện, đặc biệt vào ban đêm, trước khi đi ngủ hoặc trước khi rời khỏi nơi làm việc.
 Trang bị thiết bị báo cháy, chữa cháy, thoát nạn, chống khói, khí độc. Khi có cháy, nổ, tai nạn, sự cố, gọi ngay 114 hoặc ứng dụng Help 114 để được cứu nạn, cứu hộ kịp thời."
COM_148,"Quy khach duoc cong them [POINT] Viettel++ boi giao dich Tieu dung vien thong thang 09/2025. Thoi han su dung diem den [DATE]. Hay truy cap https://myvt.page.link/vtplus tren My Viettel hoac *098# de doi diem sang Data, 
SMS, Phut goi cung nhieu uu dai gia tri khac. Chi tiet LH 198. Tran trong."
COM_149,"Quy khach dang thuc hien
Thanh toan QR
Nguoi nhan: PAYOO
So tien: [MONEY]
Ma OTP: [NUMBER] hieu luc [TIME]"
COM_150,"Viettel TB: Quy khach da su dung het luu luong cua goi ST5K va tiep tuc truy cap theo goi Mobile Internet dang su dung (neu co). De mua them luu luong, truy cap My Viettel tai https://myvt.page.link/6 . Chi tiet LH 198 ([MONEY]). Tran trong."
COM_151,"[TB] Soạn tin ""BL"" gửi [NUMBER], Quý vị sẽ góp [MONEY] ủng hộ đồng bào vùng lũ khắc phục khó khăn. Chương trình do quỹ Tấm lòng vàng Lao động thực hiện. Phí nhắn tin [MONEY]/tin. Chi tiết liên hệ [NUMBER], nhánh 6 ([MONEY]/phút) hoặc truy cập http://[NUMBER].vn."
COM_152,"[QC] Tai sao ban lai phai ton tien mua goi data hang ngay? Trong khi tren Viettel Money tang 500MB data MIEN PHi khi doi [POINT] Viettel++ nhe! Nhan qua ngay tai https://km.vtmoney.vn/314y/st5k1 . LH [NUMBER]([MONEY]). Tu choi QC, soan TC3 gui 199."
COM_153,"Quy khach dang thuc hien
Chuyen tien nhanh 247 den TK
Nguoi nhan: [NAME]
So tien: [MONEY]
Ma OTP: [NUMBER] hieu luc [TIME]"
COM_154,"[TB] Chào mừng Ngày Chuyển đổi số quốc gia [NUMBER] và Tháng 10. Tháng tiêu dùng số, người dân được miễn phí hoặc ưu đãi khi sử dụng sản phẩm, dịch vụ số. Chi tiết tại địa chỉ: https://dx.gov.vn"
COM_155,"Quy khach dang thuc hien
Chuyen tien nhanh 247 den TK
Nguoi nhan: [NAME]
So tien: [MONEY]
Ma OTP: [NUMBER] hieu luc [TIME]"
COM_156,"[QC] Tặng thẻ nạp [MONEY] khi đăng ký gói V150B trên ứng dụng My Viettel tại https://myvt.page.link/v150b vào chủ nhật hàng tuần. Phí DV [MONEY]/30 ngày có 2GB/ngày, miễn phí 10p/cuộc gọi nội mạng và 80p gọi ngoại mạng. 
Gói cước gia hạn khi hết chu kỳ. LH 198 ([MONEY]). Từ chối QC, soạn TC3 gửi 199."
COM_157,"Tai khoan cua Quy khach sap het. Soan:
1 gui 211 de cong [TIME] noi mang ([MONEY]/p), su dung trong 15 ngay
2 gui 211 de cong [TIME] ngoai mang ([MONEY]/p), su dung trong 15 ngay
3 gui 211 de cong 100 tin nhan noi mang ([MONEY]/tin), su dung trong 15 ngay
4 gui 211 de cong 100 tin nhan ngoai mang ([MONEY]/tin), su dung trong 15 ngay
5 gui 211 de cong 3.072 MB data voi gia [MONEY], su dung trong 7 ngay
Chi tiet LH 198 (mien phi)."
COM_158,"Doi thanh cong [POINT] tieu dung Viettel++ thanh 20 MB Data de Quy khach trai nghiem dich vu. Han su dung truoc [DATE]. Tong diem tieu dung con lai trong tai khoan Viettel++ cua Quy khach la [POINT]. 
De kiem tra lich su doi diem va lua chon uu dai hap dan khac, vui long truy cap https://myvt.page.link/vtplus. Tran trong."
COM_159,"Quy khach dang thuc hien
Thanh toan QR
Nguoi nhan: [NUMBER]
So tien: [MONEY]
Ma OTP: [NUMBER] hieu luc [TIME]"
COM_160,"Quy khach dang thuc hien
Chuyen tien nhanh 247 den TK
Nguoi nhan: [NAME]
So tien: [MONEY]
Ma OTP: [NUMBER] hieu luc [TIME]"
COM_161,"(QC) MIỄN PHÍ 5 ngày chơi game Free Fire thả ga, KHÔNG GIỚI HẠN DATA và nhận giftcode hấp dẫn: Soạn FFF gửi [NUMBER]. Từ ngày thứ 6, phí DV chỉ [MONEY]/ngày, gia hạn theo ngày. CT dành cho TB đăng ký lần đầu. 
Truy cập https://freedataviettel.ff.garena.vn hoặc LH 198 ([MONEY]) để biết thêm chi tiết. Từ chối QC, soạn TC4 gửi 199."
COM_162,"Quy khach dang thuc hien
Chuyen tien nhanh 247 den TK
Nguoi nhan: [NAME]
So tien: [MONEY]
Ma OTP: [NUMBER] hieu luc [TIME]"
COM_163,"Quy khach dang thuc hien
Thanh toan QR
Nguoi nhan: [NUMBER]
So tien: [MONEY]
Ma OTP: [NUMBER] hieu luc [TIME]"
COM_164,Quy khach da su dung het luu luong cua Viettel++ va tiep tuc truy cap theo goi Mobile Internet dang su dung (neu co). Chi tiet LH 198 ([MONEY]). Tran trong.
COM_165,"Moi Quy khach soan tin de tham gia DV Data Plus:
1 gui [NUMBER] de cong 2048MB (cuoc [MONEY], su dung trong 5 ngay).
2 gui [NUMBER] de cong 1024MB (cuoc [MONEY], su dung trong vong [TIME] sau khi cong).
Tin nhan co hieu luc trong [TIME]. Chi tiet LH 198 (mien phi)."
COM_166,"[TB] Viettel TPHCM tran trong thong bao: Theo co so du lieu quoc gia, thong tin thue bao cua Quy khach chua chinh xac. De thue bao khong bi chan 1 chieu, Quy khach mang CMND/CCCD/Ho chieu den: Cong An P.Hiep Tan 77 To Hieu P.Hiep Tan Q.Tan Phu
 tu ngay [DATE] den ngay [DATE] (cuoc di dong) de cap nhat lai thong tin hoac lien he nhan vien Viettel: To Thanh Minh - [NUMBER] de duoc phuc vu tai nha. Quy khach bo qua tin nhan nay neu da thuc hien."
COM_167,"Quy khach dang thuc hien
Chuyen tien nhanh 247 den TK
Nguoi nhan: [NAME]
So tien: [MONEY]
Ma OTP: [NUMBER] hieu luc [TIME]"
COM_168,"[TB] Hưởng ứng ngày Chuyển đổi số quốc gia, Viettel tặng 50% tất cả giá trị nạp tiền điện thoại trên kênh số trong 2 ngày 10 và [DATE], tiền KM sử dụng liên lạc nội mạng trong 15 ngày. CT áp dụng khi nạp qua app ngân hàng, app My Viettel,
 Viettel Money, web viettel.vn hoặc tại https://viettel.vn/pay/tt . LH 198 ([MONEY])."
COM_169,"[QC] Tổng đài Thông tin Kinh tế - Xã hội Viettel giải đáp thủ tục cấp giấy đăng ký xe, biển số xe cơ giới đường bộ (áp dụng từ [DATE]). Quý khách vui lòng gọi [NUMBER] (từ số điện thoại Viettel) hoặc [NUMBER] (từ số điện thoại mạng khác).
 Giá cước: [MONEY]/p. Từ chối QC, soạn TC3 gửi 199."
COM_170,Đăng ký không thành công. Tài khoản của Quý khách không đủ [MONEY] để đăng ký gói ST5K. Quý khách vui lòng nạp thêm tiền để đăng ký lại. Chi tiết LH 198 ([MONEY]). Trân trọng.
COM_171,"Quy khach dang thuc hien
Nap tien dien thoai
Nguoi nhan: [NUMBER]
So tien: [MONEY]
Ma OTP: [NUMBER] hieu luc [TIME]"
COM_172,"Quy khach da duoc thanh toan [MONEY] tu nhan vien [NUMBER], Ngay GD: [DATE] [TIME]. Ma GD 2310127301325113. LH [NUMBER] ([MONEY]). Tran trong."
COM_173,"Quy khach co [MONEY] trong tai khoan. Bam goi *098*3# de co 3GB voi [MONEY]/3 ngay hoac *098*989# ([MONEY]/3 ngay) co 15GB (5GB/ngay), mien phi [TIME]/cuoc noi mang, [TIME] ngoai mang, SMS noi mang va [NUMBER].
 Goi cuoc gia han khi het chu ky. De biet thong tin cac uu dai khac, bam goi *098# hoac truy cap My Viettel tai https://myvt.page.link/goidata . Chi tiet LH 198 ([MONEY]). Tran trong."
COM_174,"Quy khach vua nap the thanh cong va duoc khuyen mai 20% gia tri the nap. Bam goi *102# de kiem tra. DAC BIET: Viettel Money dang co nhieu khuyen mai NAP THE/MUA DATA hap dan, truy cap ngay https://vt.vtmoney.vn/topup1 de biet chi tiet. LH 198 ([MONEY]). Tran trong."
COM_175,[TB] Tặng 20% giá trị tất cả thẻ nạp vào tài khoản viễn thông trong ngày 12/10. Tiền KM sử dụng nội mạng không giới hạn thời gian. Nạp thẻ online tại https://viettel.vn/pay/tt . CT dành riêng cho TB của Quý khách. LH 198 ([MONEY]).
COM_176,"Quy khach dang thuc hien
Chuyen tien den TK Sacombank
Nguoi nhan: [NAME]
So tien: [MONEY]
Ma OTP: [NUMBER] hieu luc [TIME]"
COM_177,"[QC] Nhận ưu đãi giảm giá 50% (tối đa [MONEY]) dịch vụ di chuyển Grab khi đăng ký gói 1N trên My Viettel tại https://myvt.page.link/1N. Cước phí gói 1N: [MONEY]/ngày có 5GB, miễn phí 10p/cuộc gọi nội mạng, 
5p ngoại mạng, miễn phí SMS nội mạng và [NUMBER], gói cước gia hạn theo ngày. CT áp dụng đến hết ngày [DATE] cho TB nhận tin nhắn và chưa tải ứng dụng Grab. LH 198 ([MONEY]). Từ chối QC, soạn TC3 gửi 199."
COM_178,"Quy khach dang thuc hien
Chuyen tien nhanh 247 den TK
Nguoi nhan: [NAME]
So tien: [MONEY]
Ma OTP: [NUMBER] hieu luc [TIME]"
COM_179,"[TB] CẢM ƠN QUÝ KHÁCH ĐÃ ĐỒNG HÀNH CÙNG VIETTEL!
Nhân dịp Sinh nhật lần thứ 23 (15/10), Viettel Telecom gửi tặng Quý khách ưu đãi đặc biệt.
Soạn VT gửi 191 trước [DATE] để tra cứu ưu đãi nhận được. Chi tiết LH 198 ([MONEY])."
COM_180,"Doi thanh cong [POINT] tieu dung Viettel++ thanh 20 MB Data de Quy khach trai nghiem dich vu. Han su dung truoc [DATE]. Tong diem tieu dung con lai trong tai khoan Viettel++ cua Quy khach la 5.[POINT]. 
De kiem tra lich su doi diem va lua chon uu dai hap dan khac, vui long truy cap https://myvt.page.link/vtplus. Tran trong."
COM_181,"[TB] CHỈ [MONEY], CÓ DATA SIÊU TỐC!
Chỉ với [MONEY]/ngày có ngay 500MB sử dụng đến [TIME]. Tham gia, soạn ST5K gửi 191. Gói cước gia hạn hàng ngày. Chi tiết LH 198 ([MONEY])."
COM_182,"Quy khach dang thuc hien
Chuyen tien nhanh 247 den TK
Nguoi nhan: [NAME]
So tien: [MONEY]
Ma OTP: [NUMBER] hieu luc [TIME]"
COM_183,"Quy khach dang thuc hien
Chuyen tien nhanh 247 den TK
Nguoi nhan: [NAME]
So tien: [MONEY]
Ma OTP: [NUMBER] hieu luc [TIME]"
COM_184,"Doi thanh cong [POINT] tieu dung Viettel++ thanh 20 MB Data de Quy khach trai nghiem dich vu. Han su dung truoc [DATE]. Tong diem tieu dung con lai trong tai khoan Viettel++ cua Quy khach la 5.[POINT]. 
De kiem tra lich su doi diem va lua chon uu dai hap dan khac, vui long truy cap https://myvt.page.link/vtplus. Tran trong."
COM_185,"Quy khach dang thuc hien
Chuyen tien nhanh 247 den TK
Nguoi nhan: [NAME]
So tien: [MONEY]
Ma OTP: [NUMBER] hieu luc [TIME]"
COM_186,"Doi thanh cong [POINT] tieu dung Viettel++ thanh 20 MB Data de Quy khach trai nghiem dich vu. Han su dung truoc [DATE]. Tong diem tieu dung con lai trong tai khoan Viettel++ cua Quy khach la 5.[POINT].
 De kiem tra lich su doi diem va lua chon uu dai hap dan khac, vui long truy cap https://myvt.page.link/vtplus. Tran trong."
COM_187,"Quy khach dang thuc hien
Chuyen tien nhanh 247 den TK
Nguoi nhan: [NAME]
So tien: [MONEY]
Ma OTP: [NUMBER] hieu luc [TIME]"
COM_188,"Doi thanh cong [POINT] tieu dung Viettel++ thanh 20 MB Data de Quy khach trai nghiem dich vu. Han su dung truoc [DATE]. Tong diem tieu dung con lai trong tai khoan Viettel++ cua Quy khach la 4.[POINT]. 
De kiem tra lich su doi diem va lua chon uu dai hap dan khac, vui long truy cap https://myvt.page.link/vtplus. Tran trong."
COM_189,"Quy khach dang thuc hien
Chuyen tien nhanh 247 den TK
Nguoi nhan: SPAY_TRA SUA TECHA
So tien: [MONEY]
Ma OTP: [NUMBER] hieu luc [TIME]"
COM_190,"[QC] TANG NGAY 1 - 2 thang cuoc dich vu INTERNET VIETTEL khi dang ky moi va dong truoc cuoc tu 6 - 12 thang. Cuoc TB chi tu [MONEY]/thang. Phi hoa mang [MONEY], mien phi modem wifi, thu tuc don gian va nhanh chong. 
Chi tiet LH [NUMBER] ([MONEY]) hoac truy cap https://viettel.vn/s/HOMET1 . Tu choi QC, soan TC3 gui 199."
COM_191,"Quy khach dang thuc hien
Chuyen tien nhanh 247 den TK
Nguoi nhan: [NAME]
So tien: [MONEY]
Ma OTP: [NUMBER] hieu luc [TIME]"
COM_192,"[TB] Viettel trân trọng thông báo: Thuê bao của Quý khách sẽ bị chặn 1 chiều ngày [DATE] nếu chưa cập nhật thông tin. Để không bị chặn dịch vụ, Quý khách truy cập https://viettel.vn/s/chtt (tham khảo https://viettel.vn/hd) 
hoặc mang CMND/CCCD/Hộ chiếu đến điểm giao dịch Viettel cập nhật thông tin. Quý khách bỏ qua tin nhắn này nếu đã thực hiện. LH 198 ([MONEY]). Trân trọng!"
COM_193,"Quy khach dang thuc hien
Nap tien dien thoai
Nguoi nhan: [NUMBER]
So tien: [MONEY]
Ma OTP: [NUMBER] hieu luc [TIME]"
COM_194,"Quy khach da duoc thanh toan [MONEY] tu nhan vien [NUMBER], Ngay GD: [DATE] [TIME]. Ma GD 2310207308718318. LH [NUMBER] ([MONEY]). Tran trong."
COM_195,"[TB] Thuê bao của Quý khách đã bị chặn 1 chiều do chưa cập nhật thông tin. Để mở chặn, Quý khách truy cập https://viettel.vn/s/chtt (tham khảo https://viettel.vn/hd) hoặc mang CMND/CCCD/Hộ chiếu
 đến điểm giao dịch Viettel cập nhật thông tin. Quý khách bỏ qua tin nhắn này nếu đã thực hiện. LH 198 ([MONEY]). Trân trọng!"
COM_196,"Quy khach dang thuc hien
Chuyen tien nhanh 247 den TK
Nguoi nhan: [NAME]
So tien: [MONEY]
Ma OTP: [NUMBER] hieu luc [TIME]"
COM_197,"Quy khach dang thuc hien
Chuyen tien nhanh 247 den TK
Nguoi nhan: [NAME]
So tien: [MONEY]
Ma OTP: [NUMBER] hieu luc [TIME]"
COM_198,"[TB] VIETTEL TẶNG 20% GIÁ TRỊ TẤT CẢ THẺ NẠP trong ngày 25/10. Tiền KM sử dụng nội mạng đến hết [DATE]. Giảm thêm 2,5% khi nạp thẻ tại https://viettel.vn/pay/tt . Chi tiết gọi 197 bấm phím 19 ([MONEY]). Trân trọng."
COM_199,"Quy khach dang thuc hien
Chuyen tien nhanh 247 den TK
Nguoi nhan: [NAME]
So tien: [MONEY]
Ma OTP: [NUMBER] hieu luc [TIME]"
COM_200,"Doi thanh cong [POINT] tieu dung Viettel++ thanh 20 MB Data de Quy khach trai nghiem dich vu. Han su dung truoc [DATE]. Tong diem tieu dung con lai trong tai khoan Viettel++ cua Quy khach la 4.[POINT]. 
De kiem tra lich su doi diem va lua chon uu dai hap dan khac, vui long truy cap https://myvt.page.link/vtplus. Tran trong."
COM_201,"Quy khach dang thuc hien
Chuyen tien nhanh 247 den TK
Nguoi nhan: [NAME]
So tien: [MONEY]
Ma OTP: [NUMBER] hieu luc [TIME]"
COM_202,"Doi thanh cong [POINT] tieu dung Viettel++ thanh 20 MB Data de Quy khach trai nghiem dich vu. Han su dung truoc [DATE]. Tong diem tieu dung con lai trong tai khoan Viettel++ cua Quy khach la 4.[POINT]. De kiem tra lich su doi diem
 va lua chon uu dai hap dan khac, vui long truy cap https://myvt.page.link/vtplus. Tran trong."
COM_203,Ban dang co [MONEY] trong tai khoan Viettel Money va se HET HAN vao [DATE]. Vui long su dung qua tang ngay tai https://km.vtmoney.vn/314y/vcdt50k .
COM_204,"Quy khach dang thuc hien
Chuyen tien den TK Sacombank
Nguoi nhan: [NAME]
So tien: [MONEY]
Ma OTP: [NUMBER] hieu luc [TIME]"
COM_205,"Quy khach dang thuc hien
Chuyen tien nhanh 247 den TK
Nguoi nhan: [NAME]
So tien: [MONEY]
Ma OTP: [NUMBER] hieu luc [TIME]"
COM_206,"[QC] Tặng thẻ nạp [MONEY] khi đăng ký gói SD90 trên ứng dụng My Viettel tại https://myvt.page.link/sd90 vào chủ nhật hàng tuần. Phí DV [MONEY]/30 ngày có 1,5GB/ngày. Gói cước gia hạn khi hết chu kỳ. LH 198 ([MONEY]). Từ chối QC, soạn TC3 gửi 199."
COM_207,"Quy khach dang thuc hien
Chuyen tien nhanh 247 den TK
Nguoi nhan: [NAME]
So tien: [MONEY]
Ma OTP: [NUMBER] hieu luc [TIME]"
COM_208,"Quy khach dang thuc hien
Chuyen tien nhanh 247 den TK
Nguoi nhan: [NAME]
So tien: [MONEY]
Ma OTP: [NUMBER] hieu luc [TIME]"
COM_209,"[QC] Quý khách được tặng từ [MONEY] đến [MONEY] ĐỒNG khi đăng ký mới Viettel Money và kích hoạt thành công tài khoản Mobile Money. Tải ứng dụng Viettel Money, đăng ký tài khoản và nhận ưu đãi tại https://km.vtmoney.vn/314y/smsvtt. 
Chi tiết LH [NUMBER] ([MONEY]). Từ chối QC, soạn TC7 VT_MALL gửi 197."
COM_210,"Quy khach dang thuc hien
Chuyen tien nhanh 247 den TK
Nguoi nhan: [NAME]
So tien: [MONEY]
Ma OTP: [NUMBER] hieu luc [TIME]"
COM_211,"Quy khach dang thuc hien
Chuyen tien nhanh 247 den TK
Nguoi nhan: [NAME]
So tien: [MONEY]
Ma OTP: [NUMBER] hieu luc [TIME]"
COM_212,"[QC] Nhận ngay 1GB data chỉ với [MONEY] khi đăng ký gói ST5KM. Gói cước chỉ có trên My Viettel, đăng ký tại https://myvt.page.link/ST5KM. Gói cước dùng đến [TIME] ngày đăng ký và không gia hạn hàng ngày. Chi tiết LH 198 ([MONEY]). Từ chối QC, soạn TC3 gửi 199."
COM_213,"Doi thanh cong [POINT] tieu dung Viettel++ thanh 20 MB Data de Quy khach trai nghiem dich vu. Han su dung truoc [DATE]. Tong diem tieu dung con lai trong tai khoan Viettel++ cua Quy khach la 4.[POINT]. De kiem tra 
lich su doi diem va lua chon uu dai hap dan khac, vui long truy cap https://myvt.page.link/vtplus. Tran trong."
COM_214,"Quy khach dang thuc hien
Chuyen tien nhanh 247 den TK
Nguoi nhan: [NAME]
So tien: [MONEY]
Ma OTP: [NUMBER] hieu luc [TIME]"
COM_215,"[TB] Hưởng ứng Ngày Pháp luật Việt Nam 09/11, toàn dân nâng cao ý thức tôn trọng, tuân theo Hiến pháp và pháp luật."
COM_216,"[TB] VIETTEL TẶNG 20% GIÁ TRỊ TẤT CẢ THẺ NẠP trong ngày 10/11. Tiền KM sử dụng nội mạng đến hết [DATE]. Giảm thêm 2,5% khi nạp thẻ tại https://viettel.vn/pay/tt . Chi tiết gọi 197 bấm phím 19 ([MONEY]). Trân trọng."
COM_217,"Doi thanh cong [POINT] tieu dung Viettel++ thanh 20 MB Data de Quy khach trai nghiem dich vu. Han su dung truoc [DATE]. Tong diem tieu dung con lai trong tai khoan Viettel++ cua Quy khach la 4.[POINT]. De kiem tra 
lich su doi diem va lua chon uu dai hap dan khac, vui long truy cap https://myvt.page.link/vtplus. Tran trong."
COM_218,[TB] Quy khach dung quen doi diem Viettel++ de nhan luu luong data mien phi su dung trong ngay hoac 30 ngay. Bam goi *098# hoac truy cap ung dung My Viettel tai https://myvt.page.link/vt10 de doi diem. LH 198 ([MONEY])
COM_219,"Quy khach dang thuc hien
Chuyen tien nhanh 247 den TK
Nguoi nhan: [NAME]
So tien: [MONEY]
Ma OTP: [NUMBER] hieu luc [TIME]"
COM_220,"Doi thanh cong [POINT] tieu dung Viettel++ thanh 30 MB Data de Quy khach trai nghiem dich vu. Han su dung truoc [DATE]. Tong diem tieu dung con lai trong tai khoan Viettel++ cua Quy khach la 4.[POINT]. De kiem tra
 lich su doi diem va lua chon uu dai hap dan khac, vui long truy cap https://myvt.page.link/vtplus. Tran trong."
COM_221,"Quy khach dang thuc hien
Chuyen tien nhanh 247 den TK
Nguoi nhan: [NAME]
So tien: [MONEY]
Ma OTP: [NUMBER] hieu luc [TIME]"
COM_222,"Quy khach dang thuc hien
Chuyen tien nhanh 247 den TK
Nguoi nhan: [NAME]
So tien: [MONEY]
Ma OTP: [NUMBER] hieu luc [TIME]"
COM_223,"Quy khach dang thuc hien
Chuyen tien nhanh 247 den TK
Nguoi nhan: [NAME]
So tien: [MONEY]
Ma OTP: [NUMBER] hieu luc [TIME]"
COM_224,"[TB] DATA SIEU RE, DANG KY CUC DE
Soan ST5K gui 191: Chi [MONEY]/lan co ngay 500MB toc do cao su dung den [TIME] ngay dang ky, DV gia han hang ngay. DAC BIET: TANG THEM 500MB khi mua lan 2 trong ngay. Chi tiet LH 198 ([MONEY])."
COM_225,"Quy khach dang thuc hien
Chuyen tien nhanh 247 den TK
Nguoi nhan: [NAME]
So tien: [MONEY]
Ma OTP: [NUMBER] hieu luc [TIME]"
COM_226,"[TB] Tặng 20% giá trị tất cả thẻ nạp vào tài khoản viễn thông trong ngày [DATE]. CT áp dụng khi nạp thẻ online qua các ví điện tử, ứng dụng thanh toán hoặc tại https://viettel.vn/pay/tt . Tiền KM sử dụng liên lạc nội mạng trong 15 ngày. 
Chi tiết gọi 197 bấm phím 19 ([MONEY]). Trân trọng."
COM_227,"[TB] Tang 20% gia tri tat ca the nap trong ngay [DATE]. Tien KM su dung noi mang, khong gioi han thoi gian. Nap the online tai https://myvt.page.link/km . CT danh rieng cho TB cua Quy khach. LH 198 ([MONEY])."
COM_228,Quy khach da dung het luu luong data cua CT Viettel++ va tiep tuc truy cap theo goi Mobile Internet dang su dung (neu co). Chi tiet LH 198 ([MONEY]). Tran trong.
COM_229,"(QC) Giai tri tha ga - mien phi data 100% LUU LUONG TOC DO CAO tai http://myclip.vn/giaitri, soan XN gui [NUMBER] ([MONEY]/ngay, gia han theo ngay) de dang ky goi data MyClip. Chi tiet LH 198 ([MONEY]). Tu choi QC, soan TC4 gui 199."
COM_230,"[TB] NHAN DOI LUU LUONG KHI DANG KY ST5K
Soan ST5K gui 191: Chi [MONEY] co 1.000MB su dung den [TIME] ngay dang ky (gia goc [MONEY] co 500MB, gia han hang ngay; tang them 500MB sau [TIME] dang ky). CT ap dung tu thoi diem TB nhan duoc tin nhan den [DATE] [TIME]. LH 198 ([MONEY])."
COM_231,"Quy khach dang thuc hien
Chuyen tien nhanh 247 den TK
Nguoi nhan: [NAME]
So tien: [MONEY]
Ma OTP: [NUMBER] hieu luc [TIME]"
COM_232,"[TB] Tang 20% gia tri tat ca the nap trong ngay [DATE]. Tien KM su dung noi mang, khong gioi han thoi gian. Nap the online tai https://myvt.page.link/km . CT danh rieng cho TB cua Quy khach. LH 198 ([MONEY])."
COM_233,"Quy khach dang thuc hien
Chuyen tien nhanh 247 den TK
Nguoi nhan: [NAME]
So tien: [MONEY]
Ma OTP: [NUMBER] hieu luc [TIME]"
COM_234,"[QC] Tai khoan cua Quy khach sap het, soan UT gui [NUMBER] de ung [MONEY], su dung trong [TIME] tu DV Ung tai khoan khong phi Fast Airtime. Tien ung se duoc tru khi Quy khach nap the. So tien chua su dung het 
se bi thu hoi khi het thoi gian su dung (tien ung chi su dung goi, nhan tin noi mang va ngoai mang). Chi tiet LH 198 ([MONEY])."
COM_235,"Tai khoan vien thong cua Quy khach hien con duoi [MONEY]. Moi Quy khach nap them tien vao tai khoan vien thong. Neu tai khoan vien thong het tien, cuoc phat sinh tiep theo se duoc tru vao tai khoan Tien di dong (neu co).
DAC BIET: Viettel Money dang co nhieu khuyen mai NAP THE/MUA DATA hap dan (chi tiet truy cap https://vt.vtmoney.vn/tkg1k1 ). LH 198 ([MONEY]). Tran trong."
COM_236,"Bam goi ngay 1530912021638 de tiep tuc lien lac voi so dien thoai [NUMBER] do tai khoan cua Quy khach khong du de thuc hien cuoc goi. Cuoc goi [MONEY]/p, tinh cuoc 6s+1, cuoc DV [MONEY]. Quy khach vui long soan 
HD gui [NUMBER] de duoc huong dan. Tu choi QC soan TC gui [NUMBER]."
COM_237,"Doi thanh cong [POINT] tieu dung Viettel++ thanh 20 MB Data de Quy khach trai nghiem dich vu. Han su dung truoc [DATE]. Tong diem tieu dung con lai trong tai khoan Viettel++ cua Quy khach la 4.[POINT]. De kiem tra lich su doi diem va lua chon uu dai hap dan khac, vui long truy cap https://myvt.page.link/vtplus. Tran trong."
COM_238,"Quy khach dang thuc hien
Chuyen tien nhanh 247 den TK
Nguoi nhan: [NAME]
So tien: [MONEY]
Ma OTP: [NUMBER] hieu luc [TIME]"
COM_239,"[TB] Tang 20% gia tri tat ca the nap trong ngay [DATE]. Tien KM su dung noi mang, khong gioi han thoi gian. Nap the online tai https://myvt.page.link/km . CT danh rieng cho TB cua Quy khach. LH 198 ([MONEY])."
COM_240,"Quy khach dang thuc hien
Chuyen tien nhanh 247 den TK
Nguoi nhan: [NAME]
So tien: [MONEY]
Ma OTP: [NUMBER] hieu luc [TIME]"
COM_241,"Doi thanh cong [POINT] tieu dung Viettel++ thanh 20 MB Data de Quy khach trai nghiem dich vu. Han su dung truoc [DATE]. Tong diem tieu dung con lai trong tai khoan Viettel++ cua Quy khach la 3.[POINT]. De kiem tra lich su doi diem va lua chon uu dai hap dan khac, vui long truy cap https://myvt.page.link/vtplus. Tran trong."
COM_242,"Quy khach dang thuc hien
Chuyen tien nhanh 247 den TK
Nguoi nhan: [NAME]
So tien: [MONEY]
Ma OTP: [NUMBER] hieu luc [TIME]"
COM_243,"[TB] VIETTEL TẶNG 20% GIÁ TRỊ TẤT CẢ THẺ NẠP trong ngày 25/11. Tiền KM sử dụng nội mạng đến hết [DATE]. Giảm thêm 2,5% khi nạp thẻ tại https://viettel.vn/pay/tt . Chi tiết gọi 197 bấm phím 19 ([MONEY]). Trân trọng."
COM_244,"Quy khach dang thuc hien
Chuyen tien den TK Sacombank
Nguoi nhan: [NAME]
So tien: [MONEY]
Ma OTP: [NUMBER] hieu luc [TIME]"
COM_245,"Quy khach dang thuc hien
Chuyen tien nhanh 247 den TK
Nguoi nhan: [NAME]
So tien: [MONEY]
Ma OTP: [NUMBER] hieu luc [TIME]"
COM_246,"Quy khach dang thuc hien
Nap tien dien thoai
Nguoi nhan: [NUMBER]
So tien: [MONEY]
Ma OTP: [NUMBER] hieu luc [TIME]"
COM_247,Quy khach co [MONEY] trong tai khoan.
COM_248,"Quy khach da duoc thanh toan [MONEY] tu nhan vien [NUMBER], Ngay GD: [DATE] [TIME]. Ma GD 2311267341543918. LH [NUMBER] ([MONEY]). Tran trong."
COM_249,Dich vu ung tai khoan *911# tru [MONEY] so tien Quy khach da ung (bao gom tien ung va 15% phi DV). Thoi gian ung [DATE]. So tien con no cua Dv ung tai khoan 911 la [MONEY]. Tran trong.
COM_250,"Quy khach dang thuc hien
Nap tien dien thoai
Nguoi nhan: [NUMBER]
So tien: [MONEY]
Ma OTP: [NUMBER] hieu luc [TIME]"
COM_251,Dich vu ung tai khoan *911# tru [MONEY] so tien Quy khach da ung (bao gom tien ung va 15% phi DV). Thoi gian ung [DATE]. So tien con no cua Dv ung tai khoan 911 la [MONEY]. Tran trong.
COM_252,"Quy khach co [MONEY] trong tai khoan. Bam goi *098*3# de co 3GB voi [MONEY]/3 ngay hoac *098*989# ([MONEY]/3 ngay) co 15GB (5GB/ngay), mien phi [TIME]/cuoc noi mang, [TIME] ngoai mang, SMS noi mang va [NUMBER]. Goi cuoc gia han khi het chu ky. De biet thong tin cac uu dai khac, bam goi *098# hoac truy cap My Viettel tai https://myvt.page.link/goidata . Chi tiet LH 198 ([MONEY]). Tran trong."
COM_253,"Doi thanh cong [POINT] tieu dung Viettel++ thanh 20 MB Data de Quy khach trai nghiem dich vu. Han su dung truoc [DATE]. Tong diem tieu dung con lai trong tai khoan Viettel++ cua Quy khach la 3.[POINT]. De kiem tra lich su doi diem va lua chon uu dai hap dan khac, vui long truy cap https://myvt.page.link/vtplus. Tran trong."
COM_254,"Quy khach dang thuc hien
Chuyen tien nhanh 247 den TK
Nguoi nhan: [NAME]
So tien: [MONEY]
Ma OTP: [NUMBER] hieu luc [TIME]"
COM_255,"Đăng ký không thành công. CT không áp dụng cho TB của Quý khách. Để biết thông tin các ưu đãi khác, vui lòng bấm gọi *098#. Chi tiết LH 198 ([MONEY]). Trân trọng."
COM_256,"Quy khach dang thuc hien
Chuyen tien nhanh 247 den TK
Nguoi nhan: [NAME]
So tien: [MONEY]
Ma OTP: [NUMBER] hieu luc [TIME]"
COM_257,"Doi thanh cong [POINT] tieu dung Viettel++ thanh 20 MB Data de Quy khach trai nghiem dich vu. Han su dung truoc [DATE]. Tong diem tieu dung con lai trong tai khoan Viettel++ cua Quy khach la 3.[POINT]. De kiem tra lich su doi diem va lua chon uu dai hap dan khac, vui long truy cap https://myvt.page.link/vtplus. Tran trong."
COM_258,"[TB] Thực hiện Nghị quyết số 97/NQ-CP ngày 08 tháng 07 năm [NUMBER] của Chính phủ, Bộ Công thương phát động Chương trình Khuyến mại tập trung quốc gia [NUMBER] từ ngày [DATE] - [DATE], doanh nghiệp sẽ thực hiện khuyến mại có hạn mức lên đến 100%. Chi tiết truy cập https://kmttqg.vietrade.gov.vn"
COM_259,"TDTC chuc ban suc khoe doi dao, cong viec thuan loi, tai loc vien man. Thang 12 61un873tldd4 ."
COM_260,"Quy khach dang thuc hien
Thanh toan QR
Nguoi nhan: GS25 VIETNAM
So tien: [MONEY]
Ma OTP: [NUMBER] hieu luc [TIME]"
COM_261,"Doi thanh cong [POINT] tieu dung Viettel++ thanh 20 MB Data de Quy khach trai nghiem dich vu. Han su dung truoc [DATE]. Tong diem tieu dung con lai trong tai khoan Viettel++ cua Quy khach la 3.[POINT]. De kiem tra lich su doi diem va lua chon uu dai hap dan khac, vui long truy cap https://myvt.page.link/vtplus. Tran trong."
COM_262,"Quy khach dang thuc hien
Chuyen tien nhanh 247 den TK
Nguoi nhan: [NAME]
So tien: [MONEY]
Ma OTP: [NUMBER] hieu luc [TIME]"
COM_263,"[QC] Tổng đài Thông tin Kinh tế - Xã hội Viettel giải đáp thông tin về lịch trình và giá vé tàu, máy bay, xe khách dịp Tết Dương lịch, Tết Nguyên đán [NUMBER]. Quý khách vui lòng gọi [NUMBER] (từ số điện thoại Viettel) hoặc [NUMBER] (từ số điện thoại mạng khác). Giá cước: [MONEY]/p. Từ chối QC, soạn TC3 gửi 199."
COM_264,"Quy khach dang thuc hien
Chuyen tien nhanh 247 den TK
Nguoi nhan: [NAME]
So tien: [MONEY]
Ma OTP: [NUMBER] hieu luc [TIME]"
COM_265,"Quy khach dang thuc hien
Chuyen tien nhanh 247 den TK
Nguoi nhan: [NAME]
So tien: [MONEY]
Ma OTP: [NUMBER] hieu luc [TIME]"
COM_266,"Quy khach duoc cong them [POINT] Viettel++ boi giao dich Tieu dung vien thong thang 11/[NUMBER]. Thoi han su dung diem den [DATE]. Hay truy cap https://myvt.page.link/vtplus tren My Viettel hoac *098# de doi diem sang Data, SMS, Phut goi cung nhieu uu dai gia tri khac. Chi tiet LH 198. Tran trong."
COM_267,"[TB] DATA MUÔN NƠI, GIÁ SIÊU HỜI!
1. Soạn ST5K gửi 191: [MONEY]/ngày có 500MB dùng đến [TIME]
2. Soạn ST30K gửi 191: [MONEY]/7 ngày có 7GB
Các gói cước gia hạn khi hết chu kỳ. Chi tiết LH 198 ([MONEY])."
COM_268,"Coc coc, nguoi gui voi SDT [NUMBER] da gui cho Ban loi moi tham gia chuong trinh Dao Vang. Hang trieu giai thuong cung hang tram Loc vang dang tim kiem chu nhan. Truy cap https://km.vtmoney.vn/314y/daovang de tham gia ngay nhe."
COM_269,"[TB] NHAN DOI LUU LUONG KHI DANG KY ST5K
Soan ST5K gui 191: Chi [MONEY] co 1.000MB su dung den [TIME] ngay dang ky (gia goc [MONEY] co 500MB, gia han hang ngay; tang them 500MB sau [TIME] dang ky). CT ap dung tu thoi diem TB nhan duoc tin nhan den [DATE] [TIME]. LH 198 ([MONEY])."
COM_270,"Quy khach dang thuc hien
Chuyen tien den TK Sacombank
Nguoi nhan: [NAME]
So tien: [MONEY]
Ma OTP: [NUMBER] hieu luc [TIME]"
COM_271,"[QC] THANH TOÁN KHOẢN VAY của Home Credit, Fe Credit, Mirae Asset, OCB, MCredit, LOTTE Finance, TPFico (TPBank), SHB Finance, Viet Credit vô cùng nhanh chóng, dễ dàng tại các CỬA HÀNG VIETTEL hoặc trên ứng dụng VIETTEL MONEY tại https://km.vtmoney.vn/314y/tcbh. Chi tiết LH [NUMBER] ([MONEY]). Từ chối QC, soạn TC3 gui 199."
COM_272,"Quy khach dang thuc hien
Chuyen tien nhanh 247 den TK
Nguoi nhan: [NAME]
So tien: [MONEY]
Ma OTP: [NUMBER] hieu luc [TIME]"
COM_273,Quy khach se MAT TIEN va THONG TIN neu cung cap Ma xac thuc giao dich (OTP) cho bat ky ai. Ma OTP (het han sau [TIME]) cua Quy khach la [NUMBER]
COM_274,"[TB] VIETTEL TẶNG 20% GIÁ TRỊ TẤT CẢ THẺ NẠP trong ngày 11/12. Tiền KM sử dụng nội mạng đến hết [DATE]. Giảm thêm 2,5% khi nạp thẻ tại https://viettel.vn/pay/tt . Chi tiết gọi 197 bấm phím 19 ([MONEY]). Trân trọng."
COM_275,Quy khach se MAT TIEN va THONG TIN neu cung cap Ma xac thuc giao dich (OTP) cho bat ky ai. Ma OTP (het han sau [TIME]) cua Quy khach la [NUMBER]
COM_276,"[TB] NẠP THẺ HÔM NAY (11/12) - NHẬN NGAY KM: Tặng 20% giá trị tất cả thẻ nạp, tiền KM sử dụng nội mạng đến hết [DATE]. Nạp thẻ online tại https://km.vtmoney.vn/314y/kmdaitra . Chi tiết gọi 197 bấm phím 19 ([MONEY]). Trân trọng."
COM_277,"Doi thanh cong [POINT] tieu dung Viettel++ thanh 20 MB Data de Quy khach trai nghiem dich vu. Han su dung truoc [DATE]. Tong diem tieu dung con lai trong tai khoan Viettel++ cua Quy khach la 3.[POINT]. De kiem tra lich su doi diem va lua chon uu dai hap dan khac, vui long truy cap https://myvt.page.link/vtplus. Tran trong."
COM_278,"[TB] Tặng 20% giá trị tất cả thẻ nạp vào tài khoản viễn thông trong ngày [DATE]. CT áp dụng khi nạp thẻ online qua các ví điện tử, ứng dụng thanh toán hoặc tại https://viettel.vn/pay/tt . Tiền KM sử dụng liên lạc nội mạng trong 15 ngày. Chi tiết gọi 197 bấm phím 19 ([MONEY]). Trân trọng."
COM_279,"Doi thanh cong [POINT] tieu dung Viettel++ thanh 20 MB Data de Quy khach trai nghiem dich vu. Han su dung truoc [DATE]. Tong diem tieu dung con lai trong tai khoan Viettel++ cua Quy khach la 3.[POINT]. De kiem tra lich su doi diem va lua chon uu dai hap dan khac, vui long truy cap https://myvt.page.link/vtplus. Tran trong."
COM_280,"Quy khach dang thuc hien
Thanh toan QR
Nguoi nhan: GS25 VIETNAM
So tien: [MONEY]
Ma OTP: [NUMBER] hieu luc [TIME]"
COM_281,"Quy khach dang thuc hien
Chuyen tien nhanh 247 den TK
Nguoi nhan: [NAME]
So tien: [MONEY]
Ma OTP: [NUMBER] hieu luc [TIME]"
COM_282,"(QC)Ban co the vay den [MONEY] sau [TIME] tu EVNFinance hoac Mcredit qua MoMo. De biet them thong tin: https://momo.vn/s-vaynhanh . De tu choi, soan TC TenThuongHieu gui [NUMBER]"
COM_283,"[QC] Tổng đài Thông tin Kinh tế - Xã hội Viettel hướng dẫn cách đăng ký hộ chiếu online nhanh chóng và đơn giản nhất. Quý khách vui lòng gọi [NUMBER] (từ số điện thoại Viettel) hoặc [NUMBER] (từ số điện thoại mạng khác). Giá cước: [MONEY]/p. Từ chối QC, soạn TC3 gửi 199."
COM_284,"Quy khach dang thuc hien
Chuyen tien nhanh 247 den TK
Nguoi nhan: [NAME]
So tien: [MONEY]
Ma OTP: [NUMBER] hieu luc [TIME]"
COM_285,"[TB] Kính gửi Quý khách, để cập nhật các chương trình chăm sóc Khách hàng và khuyến mại của Viettel, hãy chọn “Follow” kênh TikTok Viettel Chăm sóc Khách hàng tại https://www.tiktok.com/@viettelcskh hoặc “Quan tâm” kênh Zalo tại https://zalo.me/1570758701534064697 để nhận thông tin nhanh nhất. Trân trọng."
COM_286,"Quy khach dang thuc hien
Chuyen tien nhanh 247 den TK
Nguoi nhan: [NAME]
So tien: [MONEY]
Ma OTP: [NUMBER] hieu luc [TIME]"
COM_287,"Trường ĐH FPT (HCM) thông báo khoản học phí Kỳ Spring [NUMBER] - Half 1 của SV chưa thanh toán. Vui lòng thanh toán đến hết [DATE] (đối với Chuyên ngành). Trong trường hợp cần được hỗ trợ, SV vui lòng liên hệ [NUMBER]. SV đã hoàn thành học phí, xin vui lòng bỏ qua nội dung này."
COM_288,"Doi thanh cong [POINT] tieu dung Viettel++ thanh 20 MB Data de Quy khach trai nghiem dich vu. Han su dung truoc [DATE]. Tong diem tieu dung con lai trong tai khoan Viettel++ cua Quy khach la 3.[POINT]. De kiem tra lich su doi diem va lua chon uu dai hap dan khac, vui long truy cap https://myvt.page.link/vtplus. Tran trong."
COM_289,"[TB] ĐỪNG QUÊN: BẠN VẪN ĐƯỢC THAM GIA GÓI ST60N!
Chỉ [MONEY]/30 ngày có 60GB (2GB/ngày).
LH nhân viên Viettel: Viễn Thông Hoàng Quế - [NUMBER] (cước gọi di động) để được hỗ trợ sử dụng gói cước."
COM_290,"[QC] Đại chiến top đầu, Salah hay Odegaard sẽ giúp đội mình chiến thắng? Liverpool - Arsenal lúc 00h30 ngày 24/12. 
Ưu đãi giảm giá gói K+ SD trên [NUMBER] trong 30 ngày chỉ [MONEY]. Soạn DK KP1 gửi [NUMBER] để đăng ký với giá ưu đãi và đón xem trận đấu 100% Data tốc độ cao tại http://s.viettel.vn/ksport_1. CT áp dụng cho TB đăng ký lần đầu đến hết [DATE]. Sau khuyến mại, phí DV [MONEY]/30 ngày, gia hạn sau 30 ngày. 
Chi tiết LH 198 ([MONEY]). Từ chối QC, soạn TC4 gửi 199."
COM_291,"Quy khach dang thuc hien
Chuyen tien nhanh 247 den TK
Nguoi nhan: [NAME]
So tien: [MONEY]
Ma OTP: [NUMBER] hieu luc [TIME]"
COM_292,Dat hang thanh cong. DH cua ban la [NUMBER]. Cam on ban.
COM_293,"[TB] GIÁNG SINH, NĂM MỚI - VIETTEL TẶNG BẠN!
Soạn QUA gửi 191 hoặc truy cập http://viettel.vn/tangqua để biết các voucher quà tặng hấp dẫn.
Chi tiết LH 198 ([MONEY]). Trân trọng."
COM_294,"[TB] ĐÓN NĂM MỚI - KHUYẾN MẠI MỚI!
Tặng 20% giá trị tất cả thẻ nạp vào tài khoản viễn thông trong ngày [DATE]. Tiền KM sử dụng truy cập Data trong 15 ngày. Nạp thẻ online tại các ví điện tử, ứng dụng thanh toán hoặc tại https://viettel.vn/naptienkm . Chi tiết gọi 197 bấm phím 19 ([MONEY]). Trân trọng."
COM_295,"[TB] Viettel kính chúc Quý khách Giáng sinh an lành, Năm mới hạnh phúc. Trân trọng cảm ơn Quý khách đã tin tưởng sử dụng dịch vụ của Viettel."
COM_296,"Doi thanh cong [POINT] tieu dung Viettel++ thanh 20 MB Data de Quy khach trai nghiem dich vu. Han su dung truoc [DATE]. Tong diem tieu dung con lai trong tai khoan Viettel++ cua Quy khach la 3.[POINT]. De kiem tra lich su doi diem va lua chon uu dai hap dan khac, vui long truy cap https://myvt.page.link/vtplus. Tran trong."
COM_297,"Quy khach dang thuc hien
Chuyen tien nhanh 247 den TK
Nguoi nhan: [NAME]
So tien: [MONEY]
Ma OTP: [NUMBER] hieu luc [TIME]"
COM_298,"Doi thanh cong [POINT] tieu dung Viettel++ thanh 20 MB Data de Quy khach trai nghiem dich vu. Han su dung truoc [DATE]. Tong diem tieu dung con lai trong tai khoan Viettel++ cua Quy khach la 2.[POINT]. De kiem tra lich su doi diem va lua chon uu dai hap dan khac, vui long truy cap https://myvt.page.link/vtplus. Tran trong."
COM_299,"Quy khach dang thuc hien
Thanh toan QR
Nguoi nhan: GS25 VIETNAM
So tien: [MONEY]
Ma OTP: [NUMBER] hieu luc [TIME]"
COM_300,"[TB] MUNG NAM MOI! Tang 20% gia tri tat ca cac the nap vao tai khoan vien thong trong ngay 29/12, tien KM de goi va nhan tin noi mang trong 15 ngay. CT danh rieng cho Quy khach. LH 198 ([MONEY])."
COM_301,VNDIRECT kinh chuc Quy khach [NAME] sinh nhat An - Khoe - Hanh Phuc. Cam on Quy khach da tin tuong va dong hanh cung VNDIRECT.
